INSERT INTO users (id, name, age) VALUES
(1, "James", 18),
(2, "Willis", 33),
(3, "Iris", 29),
(4, "Kaitline", 29),
(5, "Oliver", 25),
(6, "Esther", 58),
(7, "Lucy", 37),
(8, "Nora", 22),
(9, "Ashley", 39),
(10, "Rico", 37),
(11, "Mariah", 15),
(12, "Pablo", 8),
(13, "Jenny", 6),
(14, "Tia", 17),
(15, "Marvin", 11),
(16, "Martha", 25),
(17, "Joe", 66),
(18, "Elly", 30),
(19, "Aaron", 41),
(20, "Wally", 21);

INSERT INTO projects (id, title, category, funding_goal, start_date, end_date) VALUES
(1, "Start a band", "music", 15000, "2015-11-05", "2018-12-05"),
(2, "Donate my car", "charity", 3500, "2019-01-01", "2019-02-01"),
(3, "Playing piano at the pub", "music", 1500, "2019-05-08", "2019-06-08"),
(4, "Volunteering at the hospital", "charity", 800, "2019-02-11", "2019-07-08"),
(5, "Next in the Gone series", "books", 20, "2010-03-15", "2010-04-15"),
(6, "My book on Ruby", "books", 125, "2019-07-05", "2019-08-05"),
(7, "Giving away a puppy", "charity", 1000, "2016-09-10", "2016- 10-10"),
(8, "Producing my new album", "music", 20000, "2019-07-08", "2020-08-08"),
(9, "The new fire and ice", "books", 30, "2017-09-11", "2018-02-11"),
(10, "Toys for tots", "charity", 1200, "2018-11-25", "2018-12-25");

INSERT INTO pledges (id, amount, user_id, project_id) VALUES
(1, 5000, 2, 4),
(2, 300, 1, 2),
(3, 30 , 4, 4),
(4, 1500, 3, 1),
(5, 1100, 10, 12),
(6, 1, 5, 13),
(7, 35, 13, 10),
(8, 160000, 20, 1),
(9, 20, 18, 4),
(10, 20000, 6, 2),
(11, 70000, 19, 9),
(12, 74, 8, 8),
(13, 8, 15, 7),
(14, 10000, 20, 6),
(15, 400, 19, 10),
(16, 29, 14, 1),
(17, 2019, 2, 2),
(18, 1003, 5, 11),
(19, 3, 6, 20),
(20, 17, 20, 3),
(21, 3769, 21, 3),
(22, 6738, 20, 10),
(23, 12345, 1, 1),
(24, 15, 2, 9),
(25, 35, 19, 4),
(26, 17, 13, 8),
(27, 10000, 20, 8),
(28, 300, 19, 5),
(29, 1, 7, 7),
(30, 5000, 17, 10);
